layer,fisher,shape,compressed,rE,rOut,rIn,params_full,params_used,compression_ratio
0,0.0016360297517995575,"(8, 14336, 4096)",False,8,14336,4096,469762048,469762048,0.0
1,0.003386736268343995,"(8, 14336, 4096)",False,8,14336,4096,469762048,469762048,0.0
2,0.0001408920419111996,"(8, 14336, 4096)",False,8,14336,4096,469762048,469762048,0.0
3,0.00016930001774539396,"(8, 14336, 4096)",False,8,14336,4096,469762048,469762048,0.2
4,0.00012053866313563152,"(8, 14336, 4096)",False,8,14336,4096,469762048,469762048,0.0
5,0.00014235002808774105,"(8, 14336, 4096)",False,8,14336,4096,469762048,469762048,0.2
6,9.200420368332027e-05,"(8, 14336, 4096)",False,8,14336,4096,469762048,469762048,0.2
7,8.126302616620252e-05,"(8, 14336, 4096)",False,8,14336,4096,469762048,469762048,0.2
8,5.611285016802136e-05,"(8, 14336, 4096)",False,8,14336,4096,469762048,469762048,0.0
9,0.00019106340173461646,"(8, 14336, 4096)",False,8,14336,4096,469762048,469762048,0.2
10,3.70675746837845e-05,"(8, 14336, 4096)",False,8,14336,4096,469762048,469762048,0.0
11,0.00010391487038051036,"(8, 14336, 4096)",False,8,14336,4096,469762048,469762048,0.0
12,4.922947963538656e-05,"(8, 14336, 4096)",False,8,14336,4096,469762048,469762048,0.2
13,0.0001295701207441734,"(8, 14336, 4096)",False,8,14336,4096,469762048,469762048,0.0
14,0.0001226772899954835,"(8, 14336, 4096)",False,8,14336,4096,469762048,469762048,0.0
15,8.747006560388126e-05,"(8, 14336, 4096)",False,8,14336,4096,469762048,469762048,0.0
16,6.26746162196292e-05,"(8, 14336, 4096)",False,8,14336,4096,469762048,469762048,0.0
17,8.31748271305105e-05,"(8, 14336, 4096)",False,8,14336,4096,469762048,469762048,0.0
18,3.5821266883800624e-05,"(8, 14336, 4096)",True,8,6361,1817,469762048,191097288,0.0
19,0.00011076368704502766,"(8, 14336, 4096)",False,8,14336,4096,469762048,469762048,0.0
20,3.4257891789769005e-05,"(8, 14336, 4096)",True,8,6221,1777,469762048,184900648,0.0
21,6.956259683168602e-06,"(8, 14336, 4096)",True,8,2803,801,469762048,61426392,0.0
22,2.362658645368355e-05,"(8, 14336, 4096)",True,8,5166,1476,469762048,141105664,0.0
23,1.4954731751856953e-05,"(8, 14336, 4096)",True,8,4110,1174,469762048,102330848,0.2
24,2.8578372801349832e-05,"(8, 14336, 4096)",True,8,5682,1623,469762048,161880112,0.2
25,1.0036109919117189e-05,"(8, 14336, 4096)",True,8,3367,962,469762048,78122160,0.2
26,1.4586095370476762e-05,"(8, 14336, 4096)",True,8,4059,1159,469762048,100572200,0.0
27,8.983465826449085e-06,"(8, 14336, 4096)",True,8,3185,910,469762048,72574384,0.0
28,0.00023388127935489392,"(8, 14336, 4096)",False,8,14336,4096,469762048,469762048,0.0
29,0.0006061877057938456,"(8, 14336, 4096)",False,8,14336,4096,469762048,469762048,0.0
30,0.0004420743658060773,"(8, 14336, 4096)",False,8,14336,4096,469762048,469762048,0.0
31,0.0013455760052450865,"(8, 14336, 4096)",False,8,14336,4096,469762048,469762048,0.0
