layer,fisher,shape,rE,rOut,rIn,params_full,params_used,compression_ratio
0,0.0016360297517995575,"(8, 14336, 4096)",8,14336,4096,469762048,469762048,0.0
1,0.003386736268343995,"(8, 14336, 4096)",8,14336,4096,469762048,469762048,0.0
2,0.0001408920419111996,"(8, 14336, 4096)",8,14336,4096,469762048,469762048,0.0
3,0.00016930001774539396,"(8, 14336, 4096)",8,14336,4096,469762048,469762048,0.0
4,0.00012053866313563152,"(8, 14336, 4096)",8,14336,4096,469762048,469762048,0.0
5,0.00014235002808774105,"(8, 14336, 4096)",8,14336,4096,469762048,469762048,0.0
6,9.200420368332027e-05,"(8, 14336, 4096)",8,14336,4096,469762048,469762048,0.0
7,8.126302616620252e-05,"(8, 14336, 4096)",8,14336,4096,469762048,469762048,0.0
8,5.611285016802136e-05,"(8, 14336, 4096)",8,10393,2969,469762048,408009672,0.13145458698272705
9,0.00019106340173461646,"(8, 14336, 4096)",8,14336,4096,469762048,469762048,0.0
10,3.70675746837845e-05,"(8, 14336, 4096)",8,8447,2413,469762048,294040792,0.37406439440591
11,0.00010391487038051036,"(8, 14336, 4096)",8,14336,4096,469762048,469762048,0.0
12,4.922947963538656e-05,"(8, 14336, 4096)",8,9735,2781,469762048,367536280,0.21761180673326763
13,0.0001295701207441734,"(8, 14336, 4096)",8,14336,4096,469762048,469762048,0.0
14,0.0001226772899954835,"(8, 14336, 4096)",8,14336,4096,469762048,469762048,0.0
15,8.747006560388126e-05,"(8, 14336, 4096)",8,14336,4096,469762048,469762048,0.0
16,6.26746162196292e-05,"(8, 14336, 4096)",8,10984,3138,469762048,446062272,0.050450597490583116
17,8.31748271305105e-05,"(8, 14336, 4096)",8,14336,4096,469762048,469762048,0.0
18,3.5821266883800624e-05,"(8, 14336, 4096)",8,8304,2372,469762048,286338624,0.3904602868216378
19,0.00011076368704502766,"(8, 14336, 4096)",8,14336,4096,469762048,469762048,0.0
20,3.4257891789769005e-05,"(8, 14336, 4096)",8,8121,2320,469762048,276651200,0.41108226776123047
21,6.956259683168602e-06,"(8, 14336, 4096)",8,3659,1045,469762048,87325048,0.8141079119273594
22,2.362658645368355e-05,"(8, 14336, 4096)",8,6744,1926,469762048,208482496,0.5561955315726144
23,1.4954731751856953e-05,"(8, 14336, 4096)",8,5365,1533,469762048,148988232,0.6828431912830898
24,2.8578372801349832e-05,"(8, 14336, 4096)",8,7417,2119,469762048,240742584,0.48752227851322716
25,1.0036109919117189e-05,"(8, 14336, 4096)",8,4395,1255,469762048,112273064,0.7610001393726894
26,1.4586095370476762e-05,"(8, 14336, 4096)",8,5299,1514,469762048,146349360,0.6884606565747942
27,8.983465826449085e-06,"(8, 14336, 4096)",8,4158,1188,469762048,103992832,0.7786265781947544
28,0.00023388127935489392,"(8, 14336, 4096)",8,14336,4096,469762048,469762048,0.0
29,0.0006061877057938456,"(8, 14336, 4096)",8,14336,4096,469762048,469762048,0.0
30,0.0004420743658060773,"(8, 14336, 4096)",8,14336,4096,469762048,469762048,0.0
31,0.0013455760052450865,"(8, 14336, 4096)",8,14336,4096,469762048,469762048,0.0
